{'object': {'inputs': [{'outpoint': {'index': 0, 'txid': '1bb37b637d07100cd26fc063dfd4c39a7931cc88dae3417871219715a5e374af'}, 'sig': '1d0d7d774042607c69a87ac5f1cdf92bf474c25fafcc089fe667602bfefb0494726c519e92266957429ced875256e6915eb8cea2ea66366e739415efc47a6805'}], 'outputs': [{'pubkey': '8dbcd2401c89c04d6e53c81c90aa0b551cc8fc47c0469217c8f5cfbae1e911f9', 'value': 10}], 'type': 'transaction'}, 'type': 'object'};9d859573e2a73da06ba91d088a4fe481889f5f9ea88b924167184bce41542ec2
{'object': {'inputs': [{'outpoint': {'index': 0, 'txid': '1bb37b637d07100cd26fc063dfd4c39a7931cc88dae3417871219715a5e374af'}, 'sig': '1d0d7d774042607c69a87ac5f1cdf92bf474c25fafcc089fe667602bfefb0494726c519e92266957429ced875256e6915eb8cea2ea66366e739415efc47a6805'}], 'outputs': [{'pubkey': '8dbcd2401c89c04d6e53c81c90aa0b551cc8fc47c0469217c8f5cfbae1e911f9', 'value': 10}], 'type': 'transaction'}, 'type': 'object'};9d859573e2a73da06ba91d088a4fe481889f5f9ea88b924167184bce41542ec2
{'object': {'height': 1, 'outputs': [{'pubkey': '62b7c521cd9211579cf70fd4099315643767b96711febaa5c76dc3daf27c281c', 'value': 50000000000000}], 'type': 'transaction'}, 'type': 'object'};87f34d88d27c80966cacac66e551c9174334b4c0efad0cd84f974a0c79157e5d
{'object': {'height': 1, 'outputs': [{'pubkey': '62b7c521cd9211579cf70fd4099315643767b96711febaa5c76dc3daf27c281c', 'value': 50000000000000}], 'type': 'transaction'}, 'type': 'object'};87f34d88d27c80966cacac66e551c9174334b4c0efad0cd84f974a0c79157e5d
{'object': {'height': 1, 'outputs': [{'pubkey': '62b7c521cd9211579cf70fd4099315643767b96711febaa5c76dc3daf27c281c', 'value': 50000000000000}], 'type': 'transaction'}, 'type': 'object'};87f34d88d27c80966cacac66e551c9174334b4c0efad0cd84f974a0c79157e5d
{'object':{'height':1,'outputs':[{'pubkey':'62b7c521cd9211579cf70fd4099315643767b96711febaa5c76dc3daf27c281c','value':50000000000000}],'type':'transaction'},'type':'object'};255f2b52822142aa2a7697ec157c9d888b8a8237501c739b6fca42082c401a48
{'object':{'height':1,'outputs':[{'pubkey':'62b7c521cd9211579cf70fd4099315643767b96711febaa5c76dc3daf27c281c','value':50000000000000}],'type':'transaction'},'type':'object'};255f2b52822142aa2a7697ec157c9d888b8a8237501c739b6fca42082c401a48
{'height':1,'outputs':[{'pubkey':'62b7c521cd9211579cf70fd4099315643767b96711febaa5c76dc3daf27c281c','value':50000000000000}],'type':'transaction'};58f9b3a8cfe145b9cac7f11356cb99596f87eb907e9563544a6d12fd02fe589a
{'height':1,'outputs':[{'pubkey':'62b7c521cd9211579cf70fd4099315643767b96711febaa5c76dc3daf27c281c','value':50000000000000}],'type':'transaction'};58f9b3a8cfe145b9cac7f11356cb99596f87eb907e9563544a6d12fd02fe589a
{"height":1,"outputs":[{"pubkey":"62b7c521cd9211579cf70fd4099315643767b96711febaa5c76dc3daf27c281c","value":50000000000000}],"type":"transaction"};b'H\xc2\xae/\xbbM\xea\xd4\xbc\xc5\x80\x1fn\xaa\x9a5\x01#\xa47P\xd2-\x05\xc58\x02\xb6\x9c|\xd9\xfb'
{"height":1,"outputs":[{"pubkey":"62b7c521cd9211579cf70fd4099315643767b96711febaa5c76dc3daf27c281c","value":50000000000000}],"type":"transaction"};48c2ae2fbb4dead4bcc5801f6eaa9a350123a43750d22d05c53802b69c7cd9fb
{"height":1,"outputs":[{"pubkey":"62b7c521cd9211579cf70fd4099315643767b96711febaa5c76dc3daf27c281c","value":50000000000000}],"type":"transaction"};48c2ae2fbb4dead4bcc5801f6eaa9a350123a43750d22d05c53802b69c7cd9fb
{"height":1,"outputs":[{"pubkey":"62b7c521cd9211579cf70fd4099315643767b96711febaa5c76dc3daf27c281c","value":50000000000000}],"type":"transaction"};48c2ae2fbb4dead4bcc5801f6eaa9a350123a43750d22d05c53802b69c7cd9fb
{"height":1,"outputs":[{"pubkey":"62b7c521cd9211579cf70fd4099315643767b96711febaa5c76dc3daf27c281c","value":50000000000000}],"type":"transaction"};48c2ae2fbb4dead4bcc5801f6eaa9a350123a43750d22d05c53802b69c7cd9fb
{"height":1,"outputs":[{"pubkey":"62b7c521cd9211579cf70fd4099315643767b96711febaa5c76dc3daf27c281c","value":50000000000000}],"type":"transaction"};48c2ae2fbb4dead4bcc5801f6eaa9a350123a43750d22d05c53802b69c7cd9fb
{"height":1,"outputs":[{"pubkey":"62b7c521cd9211579cf70fd4099315643767b96711febaa5c76dc3daf27c281c","value":50000000000000}],"type":"transaction"};48c2ae2fbb4dead4bcc5801f6eaa9a350123a43750d22d05c53802b69c7cd9fb
{"height":1,"outputs":[{"pubkey":"62b7c521cd9211579cf70fd4099315643767b96711febaa5c76dc3daf27c281c","value":50000000000000}],"type":"transaction"};48c2ae2fbb4dead4bcc5801f6eaa9a350123a43750d22d05c53802b69c7cd9fb
{"height":1,"outputs":[{"pubkey":"62b7c521cd9211579cf70fd4099315643767b96711febaa5c76dc3daf27c281c","value":50000000000000}],"type":"transaction"};48c2ae2fbb4dead4bcc5801f6eaa9a350123a43750d22d05c53802b69c7cd9fb
{"height":12,"outputs":[{"pubkey":"102485c802d15a228ac9865632e181546c0372e3cc33fcc6d93c5a3eaff1dd00","value":400}],"type":"transaction"};046cf1a7a2c705f006f530168b629dbc7952ecc9cc663a9e282bfe1875ae9ca0
{"height":12,"outputs":[{"pubkey":"102485c802d15a228ac9865632e181546c0372e3cc33fcc6d93c5a3eaff1dd00","value":400}],"type":"transaction"};046cf1a7a2c705f006f530168b629dbc7952ecc9cc663a9e282bfe1875ae9ca0
{"height":0,"outputs":[{"pubkey":"0582464fff760c99daf6ae6df60a1cc7c9005f9faf3d43e7c47ed48c62584990","value":50}],"type":"transaction"};93da8daf22ef344d9de1fa7a69856de1be89ff13b8e0d96352fc1af656c954b1
{"height":12,"outputs":[{"pubkey":"102485c802d15a228ac9865632e181546c0372e3cc33fcc6d93c5a3eaff1dd00","value":400}],"type":"transaction"};046cf1a7a2c705f006f530168b629dbc7952ecc9cc663a9e282bfe1875ae9ca0
{"inputs":[{"outpoint":{"index":0,"txid":"046cf1a7a2c705f006f530168b629dbc7952ecc9cc663a9e282bfe1875ae9ca0"},"sig":"2807ba9687814b58b6db2028c2108ef77445a9c85fb4621b01342261c18aee6b0b029b1345bbb2daa060accca59c08345e4692944a0b8177243f10cd5626650c"}],"outputs":[{"pubkey":"102485c802d15a228ac9865632e181546c0372e3cc33fcc6d93c5a3eaff1dd00","value":10}],"type":"transaction"};bd06ef629aac4b94973c6ce42a02dc1e14b381f57d13575b568a23a453f41d2b
{"height":12,"outputs":[{"pubkey":"102485c802d15a228ac9865632e181546c0372e3cc33fcc6d93c5a3eaff1dd00","value":400}],"type":"transaction"};046cf1a7a2c705f006f530168b629dbc7952ecc9cc663a9e282bfe1875ae9ca0
{"height":12,"outputs":[{"pubkey":"102485c802d15a228ac9865632e181546c0372e3cc33fcc6d93c5a3eaff1dd00","value":400}],"type":"transaction"};046cf1a7a2c705f006f530168b629dbc7952ecc9cc663a9e282bfe1875ae9ca0
{"inputs":[{"outpoint":{"index":0,"txid":"046cf1a7a2c705f006f530168b629dbc7952ecc9cc663a9e282bfe1875ae9ca0"},"sig":"2807ba9687814b58b6db2028c2108ef77445a9c85fb4621b01342261c18aee6b0b029b1345bbb2daa060accca59c08345e4692944a0b8177243f10cd5626650c"}],"outputs":[{"pubkey":"102485c802d15a228ac9865632e181546c0372e3cc33fcc6d93c5a3eaff1dd00","value":10}],"type":"transaction"};bd06ef629aac4b94973c6ce42a02dc1e14b381f57d13575b568a23a453f41d2b
{"height":12,"outputs":[{"pubkey":"102485c802d15a228ac9865632e181546c0372e3cc33fcc6d93c5a3eaff1dd00","value":400}],"type":"transaction"};046cf1a7a2c705f006f530168b629dbc7952ecc9cc663a9e282bfe1875ae9ca0
{"inputs":[{"outpoint":{"index":0,"txid":"046cf1a7a2c705f006f530168b629dbc7952ecc9cc663a9e282bfe1875ae9ca0"},"sig":"2807ba9687814b58b6db2028c2108ef77445a9c85fb4621b01342261c18aee6b0b029b1345bbb2daa060accca59c08345e4692944a0b8177243f10cd5626650c"}],"outputs":[{"pubkey":"102485c802d15a228ac9865632e181546c0372e3cc33fcc6d93c5a3eaff1dd00","value":10}],"type":"transaction"};bd06ef629aac4b94973c6ce42a02dc1e14b381f57d13575b568a23a453f41d2b
